{
  "Ridge (linear)": {
    "cv_mae": 1.1841591688196447,
    "cv_std": 0.02706585418564387,
    "cv_time_s": 0.13309659600000145
  },
  "Decision Tree": {
    "cv_mae": 0.8599678020266962,
    "cv_std": 0.0046750222557622205,
    "cv_time_s": 0.24559586000000877
  },
  "Random Forest": {
    "cv_mae": 0.7447756199539928,
    "cv_std": 0.004401070326579915,
    "cv_time_s": 6.6513178629999885
  },
  "HistGradientBoosting": {
    "cv_mae": 0.7324487307981674,
    "cv_std": 0.005798339267451118,
    "cv_time_s": 1.6364686220000095
  },
  "XGBoost": {
    "cv_mae": 0.7064755585878927,
    "cv_std": 0.008934416557338284,
    "cv_time_s": 1.5776989329999935
  },
  "LightGBM": {
    "cv_mae": 0.7152676414024107,
    "cv_std": 0.0042640747575127,
    "cv_time_s": 2.5677276480000018
  }
}