{
  "Ridge (linear)": {
    "cv_mae": 1.1841591688196447,
    "cv_std": 0.02706585418564387,
    "cv_time_s": 0.11874009900000715
  },
  "Decision Tree": {
    "cv_mae": 0.8599678020266962,
    "cv_std": 0.0046750222557622205,
    "cv_time_s": 0.2291885109999896
  },
  "Random Forest": {
    "cv_mae": 0.7447756199539928,
    "cv_std": 0.004401070326579869,
    "cv_time_s": 6.6315929849999975
  },
  "HistGradientBoosting": {
    "cv_mae": 0.7324487307981674,
    "cv_std": 0.005798339267451118,
    "cv_time_s": 1.6190207439999824
  },
  "XGBoost": {
    "cv_mae": 0.7064755585878927,
    "cv_std": 0.008934416557338284,
    "cv_time_s": 1.4834285109999996
  },
  "LightGBM": {
    "cv_mae": 0.7152676414024107,
    "cv_std": 0.0042640747575127,
    "cv_time_s": 2.464870129000019
  }
}